unnamed0,country,density,abbreviation,agriculturalland,landarea,armedforcessize,birthrate,callingcode,capital/majorcity,co2-emissions,cpi,cpichange,currency-code,fertilityrate,forestedarea,gasolineprice,unnamed0.1,gdp,grossprimaryeducationenrollment,grosstertiaryeducationenrollment,infantmortality,largestcity,lifeexpectancy,maternalmortalityratio,minimumwage,officiallanguage,outofpockethealthexpenditure,physiciansperthousand,population,populationlaborforceparticipation,taxrevenue,totaltaxrate,unemploymentrate,urban_population,latitud,longitud,continent,total_tax_per_capita,total_tax_per_km,diferencia_maternidad_impuestos
0,Afghanistan,60.0,AF,58.10%,652230.0,323000.0,32.49,93.0,Kabul,8672.0,149.9,2.30%,AFN,4.47,2.10%,0.7,0,19101353833.0,104.00%,9.70%,47.9,Kabul,64.5,638.0,0.43,Pashto,78.4,0.28,38041754.0,48.90%,9.30%,71.4,11.12%,9797273.0,33.93911,67.709953,Asia,2716181235.6000004,45269687.260000005,566.6
1,Albania,105.0,AL,43.10%,28748.0,9000.0,11.78,355.0,Tirana,4536.0,119.05,1.40%,ALL,1.62,28.10%,1.36,1,15278077447.0,107.00%,55.00%,7.8,Tirana,78.5,15.0,1.12,Albanian,56.9,1.2,2854191.0,55.70%,18.60%,36.6,12.33%,1747593.0,41.153332,20.168331,Europe,104463390.60000001,994889.4342857144,-21.6
2,Algeria,18.0,DZ,17.40%,2381741.0,317000.0,24.28,213.0,Algiers,150006.0,151.36,2.00%,DZD,3.02,0.80%,0.28,2,169988236398.0,109.90%,51.40%,20.1,Algiers,76.7,112.0,0.95,Arabic,28.1,1.72,43053054.0,41.20%,37.20%,66.1,11.70%,31510100.0,28.033886,1.659626,Africa,2845806869.3999996,158100381.63333333,45.900000000000006
3,Andorra,164.0,AD,40.00%,468.0,,7.2,376.0,Andorra la Vella,469.0,,,EUR,1.27,34.00%,1.51,3,3154057987.0,106.40%,,2.7,Andorra la Vella,,,6.63,Catalan,36.4,3.33,77142.0,,,,,67873.0,42.506285,1.521801,Europe,,,
4,Angola,26.0,AO,47.50%,1246700.0,117000.0,40.73,244.0,Luanda,34693.0,261.73,17.10%,AOA,5.52,46.30%,0.97,4,94635415870.0,113.50%,9.30%,51.6,Luanda,60.8,241.0,0.71,Portuguese,33.4,0.21,31825295.0,77.50%,9.20%,49.1,6.89%,21061025.0,-11.202692,17.873887,Africa,1562621984.5,60100845.557692304,191.9
5,Antigua and Barbuda,223.0,AG,20.50%,443.0,0.0,15.33,1.0,"St. John's, Saint John",557.0,113.81,1.20%,XCD,1.99,22.30%,0.99,5,1727759259.0,105.00%,24.80%,5.0,"St. John's, Saint John",76.9,42.0,3.04,English,24.3,2.76,97118.0,,16.50%,43.0,,23800.0,17.060816,-61.796428,North America,4176074.0,18726.789237668163,-1.0
6,Argentina,17.0,AR,54.30%,2780400.0,105000.0,17.02,54.0,Buenos Aires,201348.0,232.75,53.50%,ARS,2.26,9.80%,1.1,6,449663446954.0,109.70%,90.00%,8.8,Buenos Aires,76.5,39.0,3.35,Spanish,17.6,3.96,44938712.0,61.30%,10.10%,106.3,9.79%,41339571.0,-38.416097,-63.616672,South America,4776985085.599999,280999122.6823529,-67.3
7,Armenia,104.0,AM,58.90%,29743.0,49000.0,13.99,374.0,Yerevan,5156.0,129.18,1.40%,AMD,1.76,11.70%,0.77,7,13672802158.0,92.70%,54.60%,11.0,Yerevan,74.9,26.0,0.66,Armenian,81.6,4.4,2957731.0,55.60%,20.90%,22.6,16.99%,1869848.0,40.069099,45.038189,Asia,66844720.6,642737.6980769231,3.3999999999999986
8,Australia,3.0,AU,48.20%,7741220.0,58000.0,12.6,61.0,Canberra,375908.0,119.8,1.60%,AUD,1.74,16.30%,0.93,8,1392680589329.0,100.30%,113.10%,3.1,Sydney,82.7,6.0,13.59,,19.6,3.68,25766605.0,65.50%,23.00%,47.4,5.27%,21844756.0,-25.274398,133.775136,,1221337077.0,407112359.0,-41.4
9,Austria,109.0,AT,32.40%,83871.0,21000.0,9.7,43.0,Vienna,61448.0,118.06,1.50%,EUR,1.47,46.90%,1.2,9,446314739528.0,103.10%,85.10%,2.9,Vienna,81.6,5.0,,German,17.9,5.17,8877067.0,60.70%,25.40%,51.4,4.67%,5194416.0,47.516231,14.550072,Europe,456281243.8,4186066.456880734,-46.4
10,Azerbaijan,123.0,AZ,57.70%,86600.0,82000.0,14.0,994.0,Baku,37620.0,156.32,2.60%,AZN,1.73,14.10%,0.56,10,39207000000.0,99.70%,27.70%,19.2,Baku,72.9,26.0,0.47,Azerbaijani language,78.6,3.45,10023318.0,66.50%,13.00%,40.7,5.51%,5616165.0,40.143105,47.576927,Asia,407949042.6,3316658.8829268296,-14.700000000000003
11,The Bahamas,39.0,BS,1.40%,13880.0,1000.0,13.97,1.0,"Nassau, Bahamas",1786.0,116.22,2.50%,,1.75,51.40%,0.92,11,12827000000.0,81.40%,15.10%,8.3,"Nassau, Bahamas",73.8,70.0,5.25,English,27.8,1.94,389482.0,74.60%,14.80%,33.8,10.36%,323784.0,25.03428,-77.39628,North America,13164491.6,337551.06666666665,36.2
12,Bahrain,2239.0,BH,11.10%,765.0,19000.0,13.99,973.0,Manama,31694.0,117.59,2.10%,BHD,1.99,0.80%,0.43,12,38574069149.0,99.40%,50.50%,6.1,Riffa,77.2,14.0,,Arabic,25.1,0.93,1501635.0,73.40%,4.20%,13.8,0.71%,1467109.0,26.0667,50.5577,Asia,20722563.0,9255.276016078607,0.1999999999999993
13,Bangladesh,1265.0,BD,70.60%,148460.0,221000.0,18.18,880.0,Dhaka,84246.0,179.68,5.60%,BDT,2.04,11.00%,1.12,13,302571254131.0,116.50%,20.60%,25.1,Dhaka,72.3,173.0,0.51,Bengali,71.8,0.58,167310838.0,59.00%,8.80%,33.4,4.19%,60987417.0,23.684994,90.356331,Asia,5588181989.2,4417535.169328063,139.6
14,Barbados,668.0,BB,23.30%,430.0,1000.0,10.65,1.0,Bridgetown,1276.0,134.09,4.10%,BBD,1.62,14.70%,1.81,14,5209000000.0,99.40%,65.40%,11.3,Bridgetown,79.1,27.0,3.13,English,45.2,2.48,287025.0,65.20%,27.50%,35.6,10.33%,89431.0,13.193887,-59.543198,North America,10218090.0,15296.541916167665,-8.600000000000001
15,Belarus,47.0,BY,42.00%,207600.0,155000.0,9.9,375.0,Minsk,58280.0,,5.60%,BYN,1.45,42.60%,0.6,15,63080457023.0,100.50%,87.40%,2.6,Minsk,74.2,2.0,1.49,Russian,34.5,5.19,9466856.0,64.10%,14.70%,53.3,4.59%,7482982.0,53.709807,27.953389,Europe,504583424.79999995,10735817.54893617,-51.3
16,Belgium,383.0,BE,44.60%,30528.0,32000.0,10.3,32.0,City of Brussels,96889.0,117.11,1.40%,EUR,1.62,22.60%,1.43,16,529606710418.0,103.90%,79.70%,2.9,Brussels,81.6,5.0,10.31,French,17.6,3.07,11484055.0,53.60%,24.00%,55.4,5.59%,11259082.0,50.503887,4.469936,Europe,636216647.0,1661140.0704960835,-50.4
17,Belize,17.0,BZ,7.00%,22966.0,2000.0,20.79,501.0,Belmopan,568.0,105.68,-0.90%,BZD,2.31,59.70%,1.13,17,1879613600.0,111.70%,24.70%,11.2,Belize City,74.5,36.0,1.65,English,22.7,1.12,390353.0,65.10%,26.30%,31.1,6.41%,179039.0,17.189877,-88.49765,North America,12139978.3,714116.3705882353,4.899999999999999
18,Benin,108.0,BJ,33.30%,112622.0,12000.0,36.22,229.0,Porto-Novo,6476.0,110.71,-0.90%,XOF,4.84,37.80%,0.72,18,14390709095.0,122.00%,12.30%,60.5,Cotonou,61.5,397.0,0.39,French,40.5,0.08,11801151.0,70.90%,10.80%,48.9,2.23%,5648149.0,9.30769,2.315834,Africa,577076283.9,5343298.925,348.1
19,Bhutan,20.0,BT,13.60%,38394.0,6000.0,17.26,975.0,Thimphu,1261.0,167.18,2.70%,,1.98,72.50%,0.98,19,2446674101.0,100.10%,15.60%,24.8,Thimphu,71.5,183.0,0.32,Dzongkha,19.8,0.42,727145.0,66.70%,16.00%,35.3,2.34%,317538.0,27.514162,90.433601,Asia,25668218.499999996,1283410.9249999998,147.7
20,Bolivia,11.0,BO,34.80%,1098581.0,71000.0,21.75,591.0,Sucre,21606.0,148.32,1.80%,BOB,2.73,50.30%,0.71,20,40895322865.0,98.20%,,21.8,Santa Cruz de la Sierra,71.2,155.0,1.36,Spanish,25.9,1.59,11513100.0,71.80%,17.00%,83.7,3.50%,8033035.0,-16.290154,-63.588653,South America,963646470.0,87604224.54545455,71.3
21,Bosnia and Herzegovina,64.0,BA,43.10%,51197.0,11000.0,8.11,387.0,Sarajevo,21848.0,104.9,0.60%,BAM,1.27,42.70%,1.05,21,20047848435.0,,23.30%,5.0,Tuzla Canton,77.3,10.0,1.04,Bosnian,28.6,2.16,3301000.0,46.40%,20.40%,23.7,18.42%,1605144.0,43.915886,17.679076,Europe,78233700.0,1222401.5625,-13.7
22,Botswana,4.0,BW,45.60%,581730.0,9000.0,24.82,267.0,Gaborone,6340.0,149.75,2.80%,BWP,2.87,18.90%,0.71,22,18340510789.0,103.20%,24.90%,30.0,Gaborone,69.3,144.0,0.29,English,5.3,0.37,2346179.0,70.80%,19.50%,25.1,18.19%,1616550.0,-22.328474,24.684866,Africa,58889092.900000006,14722273.225000001,118.9
23,Brazil,25.0,BR,33.90%,8515770.0,730000.0,13.92,55.0,Bras���,462299.0,167.4,3.70%,BRL,1.73,58.90%,1.02,23,1839758040766.0,115.40%,51.30%,12.8,S����,75.7,60.0,1.53,Portuguese,28.3,2.15,212559417.0,63.90%,14.20%,65.1,12.08%,183241641.0,-14.235004,-51.92528,South America,13837618046.699999,553504721.8679999,-5.099999999999994
24,Brunei,83.0,BN,2.70%,5765.0,8000.0,14.9,673.0,Bandar Seri Begawan,7664.0,99.03,-0.40%,BND,1.85,72.10%,0.37,24,13469422941.0,103.20%,31.40%,9.8,,75.7,31.0,,Malay,6.0,1.61,433285.0,64.70%,,8.0,9.12%,337711.0,4.535277,114.727669,Asia,3466280.0,41762.409638554214,23.0
25,Bulgaria,64.0,BG,46.30%,110879.0,31000.0,8.9,359.0,Sofia,41708.0,114.42,3.10%,BGN,1.56,35.40%,1.11,25,86000000000.0,89.30%,71.00%,5.9,Sofia,74.9,10.0,1.57,Bulgarian,47.7,4.03,6975761.0,55.40%,20.20%,28.3,4.34%,5256027.0,42.733883,25.48583,Europe,197414036.3,3084594.3171875,-18.3
26,Burkina Faso,76.0,BF,44.20%,274200.0,11000.0,37.93,226.0,Ouagadougou,3418.0,106.58,-3.20%,XOF,5.19,19.30%,0.98,26,15745810235.0,96.10%,6.50%,49.0,Ouagadougou,61.2,320.0,0.34,French,36.1,0.08,20321378.0,66.40%,15.00%,41.3,6.26%,6092349.0,12.238333,-1.561593,Africa,839272911.4,11043064.62368421,278.7
27,Burundi,463.0,BI,79.20%,27830.0,31000.0,39.01,257.0,Bujumbura,495.0,182.11,-0.70%,BIF,5.41,10.90%,1.21,27,3012334882.0,121.40%,6.10%,41.0,Bujumbura,61.2,548.0,,Kirundi,19.1,0.1,11530580.0,79.20%,13.60%,41.2,1.43%,1541177.0,-3.373056,29.918886,Africa,475059896.00000006,1026047.291576674,506.8
28,Ivory Coast,83.0,CI,64.80%,322463.0,27000.0,35.74,225.0,Yamoussoukro,9674.0,111.61,-0.90%,XOF,4.65,32.70%,0.93,28,58792205642.0,99.80%,9.30%,59.4,Abidjan,57.4,617.0,0.36,French,36.0,0.23,25716544.0,57.00%,11.80%,50.1,3.32%,13176900.0,7.539989,-5.54708,Africa,1288398854.4,15522877.763855422,566.9
29,Cape Verde,138.0,CV,19.60%,4033.0,1000.0,19.49,238.0,Praia,543.0,110.5,1.10%,CVE,2.27,22.50%,1.02,29,1981845741.0,104.00%,23.60%,16.7,Praia,72.8,58.0,0.68,Portuguese,23.2,0.77,483628.0,60.50%,20.10%,37.5,12.25%,364029.0,16.5388,-23.0418,Africa,18136050.0,131420.65217391305,20.5
30,Cambodia,95.0,KH,30.90%,181035.0,191000.0,22.46,855.0,Phnom Penh,9919.0,127.63,2.50%,,2.5,52.90%,0.9,30,27089389787.0,107.40%,13.70%,24.0,Phnom Penh,69.6,160.0,,Khmer language,59.4,0.17,16486542.0,82.30%,17.10%,23.1,0.68%,3924621.0,12.565679,104.990963,Asia,380839120.20000005,4008832.844210527,136.9
31,Cameroon,56.0,CM,20.60%,475440.0,24000.0,35.39,237.0,Yaound�,8291.0,118.65,2.50%,XAF,4.57,39.30%,1.03,31,38760467033.0,103.40%,12.80%,50.6,Douala,58.9,529.0,0.35,French,69.7,0.09,25876380.0,76.10%,12.80%,57.7,3.38%,14741256.0,7.369722,12.354722,Africa,1493067126.0,26661912.964285713,471.3
32,Canada,4.0,CA,6.90%,9984670.0,72000.0,10.1,1.0,Ottawa,544894.0,116.76,1.90%,CAD,1.5,38.20%,0.81,32,1736425629520.0,100.90%,68.90%,4.3,Toronto,81.9,10.0,9.51,French,14.6,2.61,36991981.0,65.10%,12.80%,24.5,5.56%,30628482.0,56.130366,-106.346771,North America,906303534.5,226575883.625,-14.5
33,Central African Republic,8.0,CF,8.20%,622984.0,8000.0,35.35,236.0,Bangui,297.0,186.86,37.10%,,4.72,35.60%,1.41,33,2220307369.0,102.00%,3.00%,84.5,Bangui,52.8,829.0,0.37,French,39.6,0.06,4745185.0,72.00%,8.60%,73.3,3.68%,1982064.0,6.611111,20.939444,Africa,347822060.5,43477757.5625,755.7
34,Chad,13.0,TD,39.70%,1284000.0,35000.0,42.17,235.0,N'Djamena,1016.0,117.7,-1.00%,XAF,5.75,3.80%,0.78,34,11314951343.0,86.80%,3.30%,71.4,N'Djamena,54.0,1140.0,0.6,French,56.4,0.04,15946876.0,70.70%,,63.5,1.89%,3712273.0,15.454166,18.732207,Africa,1012626626.0,77894355.84615384,1076.5
35,Chile,26.0,CL,21.20%,756096.0,122000.0,12.43,56.0,Santiago,85822.0,131.91,2.60%,CLP,1.65,24.30%,1.03,35,282318159745.0,101.40%,88.50%,6.2,Santiago,80.0,13.0,2.0,Spanish,32.2,2.59,18952038.0,62.60%,18.20%,34.0,7.09%,16610135.0,-35.675147,-71.542969,South America,644369292.0,24783434.307692308,-21.0
36,China,153.0,CN,56.20%,9596960.0,2695000.0,10.9,86.0,Beijing,9893038.0,125.08,2.90%,CNY,1.69,22.40%,0.96,36,19910000000000.0,100.20%,50.60%,7.4,Shanghai,77.0,29.0,0.87,Standard Chinese,32.4,1.98,1397715000.0,68.00%,9.40%,59.2,4.32%,842933962.0,35.86166,104.195397,Asia,82744728000.0,540815215.6862745,-30.200000000000003
37,Colombia,46.0,CO,40.30%,1138910.0,481000.0,14.88,57.0,Bogot�,97814.0,140.95,3.50%,COP,1.81,52.70%,0.68,37,323802808108.0,114.50%,55.30%,12.2,Bogot�,77.1,83.0,1.23,Spanish,18.3,2.18,50339443.0,68.80%,14.40%,71.2,9.71%,40827302.0,4.570868,-74.297333,South America,3584168341.6000004,77916703.07826088,11.799999999999997
38,Comoros,467.0,KM,71.50%,2235.0,,31.88,269.0,"Moroni, Comoros",202.0,103.62,-4.30%,KMF,4.21,19.70%,,38,1185728677.0,99.50%,9.00%,51.3,"Moroni, Comoros",64.1,273.0,0.71,French,74.8,0.27,850886.0,43.30%,,219.6,4.34%,248152.0,-11.6455,43.3333,Africa,186854565.6,400116.84282655246,53.400000000000006
39,Republic of the Congo,16.0,,31.10%,342000.0,12000.0,32.86,242.0,Brazzaville,3282.0,124.74,2.20%,XAF,4.43,65.40%,0.97,39,10820591131.0,106.60%,12.70%,36.2,Brazzaville,64.3,378.0,0.88,French,43.8,0.12,5380508.0,69.40%,9.00%,54.3,9.47%,3625010.0,-0.228021,15.827659,Africa,292161584.4,18260099.025,323.7
40,Costa Rica,100.0,CR,34.50%,51100.0,10000.0,13.97,506.0,San Jos������,8023.0,128.85,2.10%,CRC,1.75,54.60%,0.98,40,61773944174.0,113.30%,55.20%,7.6,San Jos������,80.1,27.0,1.84,Spanish,21.5,2.89,5047561.0,62.10%,13.60%,58.3,11.85%,4041885.0,9.748917,-83.753428,North America,294272806.3,2942728.063,-31.299999999999997
41,Croatia,73.0,HR,27.60%,56594.0,18000.0,9.0,385.0,Zagreb,17488.0,109.82,0.80%,HRK,1.47,34.40%,1.26,41,60415553039.0,96.50%,67.90%,4.0,Zagreb,78.1,8.0,2.92,Croatian,15.2,3.0,4067500.0,51.20%,22.00%,20.5,6.93%,2328318.0,45.1,15.2,Europe,83383750.0,1142243.1506849315,-12.5
42,Cuba,106.0,CU,59.90%,110860.0,76000.0,10.17,53.0,Havana,28284.0,,,CUP,1.62,31.30%,1.4,42,100023000000.0,101.90%,41.40%,3.7,Havana,78.7,36.0,0.05,Spanish,,8.42,11333483.0,53.60%,,,1.64%,8739135.0,21.521757,-77.781167,North America,,,
43,Cyprus,131.0,CY,12.20%,9251.0,16000.0,10.46,357.0,Nicosia,6626.0,102.51,0.30%,EUR,1.33,18.70%,1.23,43,24564647935.0,99.30%,75.90%,1.9,Statos�������,80.8,6.0,,Greek,43.9,1.95,1198575.0,63.10%,24.50%,22.4,7.27%,800708.0,35.126413,33.429859,Asia,26848080.0,204947.17557251907,-16.4
44,Czech Republic,139.0,CZ,45.20%,78867.0,23000.0,10.7,420.0,Prague,102218.0,116.48,2.80%,CZK,1.69,34.60%,1.17,44,246489245495.0,100.70%,64.10%,2.7,Prague,79.0,3.0,3.0,Czech,14.8,4.12,10669709.0,60.60%,14.90%,46.1,1.93%,7887156.0,49.817492,15.472962,Europe,491873584.90000004,3538658.884172662,-43.1
45,Democratic Republic of the Congo,40.0,CD,11.60%,2344858.0,134000.0,41.18,243.0,Kinshasa,2021.0,133.85,2.90%,CDF,5.92,67.20%,1.49,45,47319624204.0,108.00%,6.60%,68.2,Kinshasa,60.4,473.0,0.18,French,37.4,0.07,86790567.0,63.50%,10.70%,50.7,4.24%,39095679.0,-4.038333,21.758664,Africa,4400281746.900001,110007043.67250001,422.3
46,Denmark,137.0,DK,62.00%,43094.0,15000.0,10.6,45.0,Copenhagen,31786.0,110.35,0.80%,DKK,1.73,14.70%,1.55,46,348078018464.0,101.30%,80.60%,3.6,Copenhagen,81.0,4.0,,Danish,13.7,4.01,5818553.0,62.20%,32.40%,23.8,4.91%,5119978.0,56.26392,9.501785,Europe,138481561.4,1010814.3167883212,-19.8
47,Djibouti,43.0,DJ,73.40%,23200.0,13000.0,21.47,253.0,Djibouti City,620.0,120.25,3.30%,DJF,2.73,0.20%,1.32,47,3318716359.0,75.30%,5.30%,49.8,Djibouti City,66.6,248.0,,French,20.4,0.22,973560.0,60.20%,,37.9,10.30%,758549.0,11.825138,42.590275,Africa,36897924.0,858091.2558139535,210.1
48,Dominica,96.0,DM,33.30%,751.0,,12.0,1.0,Roseau,180.0,103.87,1.00%,XCD,1.9,57.40%,,48,596033333.0,114.70%,7.20%,32.9,Roseau,76.6,,1.48,English,28.4,1.08,71808.0,,22.10%,32.6,,50830.0,15.414999,-61.370976,North America,2340940.8000000003,24384.800000000003,
49,Dominican Republic,225.0,DO,48.70%,48670.0,71000.0,19.51,1.0,Santo Domingo,25258.0,135.5,1.80%,DOP,2.35,41.70%,1.07,49,88941298258.0,105.70%,59.90%,24.1,Santo Domingo,73.9,95.0,0.4,Spanish,43.7,1.56,10738958.0,64.30%,13.00%,48.8,5.84%,8787475.0,18.735693,-70.162651,North America,524061150.4,2329160.6684444444,46.2
50,Ecuador,71.0,EC,22.20%,283561.0,41000.0,19.72,593.0,Quito,41155.0,124.14,0.30%,USD,2.43,50.20%,0.61,50,107435665000.0,103.30%,44.90%,12.2,Quito,76.8,59.0,2.46,Spanish,43.7,2.04,17373662.0,68.00%,,34.4,3.97%,11116711.0,-1.831239,-78.183406,South America,597653972.8,8417661.588732393,24.6
51,Egypt,103.0,EG,3.80%,1001450.0,836000.0,26.38,20.0,Cairo,238560.0,288.57,9.20%,EGP,3.33,0.10%,0.4,51,303175127598.0,106.30%,35.20%,18.1,Cairo,71.8,37.0,,Modern Standard Arabic,62.0,0.45,100388073.0,46.40%,12.50%,44.4,10.76%,42895824.0,26.820553,30.802498,Africa,4457230441.2,43274081.95339806,-7.399999999999999
52,El Salvador,313.0,SV,76.40%,21041.0,42000.0,18.25,503.0,San Salvador,7169.0,111.23,0.10%,,2.04,12.60%,0.83,52,27022640000.0,94.80%,29.40%,11.8,San Salvador,73.1,46.0,0.5,Spanish,27.9,1.57,6453553.0,59.10%,18.10%,36.4,4.11%,4694702.0,13.794185,-88.89653,North America,234909329.2,750509.0389776358,9.600000000000001
53,Equatorial Guinea,50.0,GQ,10.10%,28051.0,1000.0,33.24,240.0,Malabo,5655.0,124.35,1.20%,XAF,4.51,55.50%,,53,11026774945.0,61.80%,1.90%,62.6,Malabo,58.4,301.0,1.05,Spanish,72.0,0.4,1355986.0,62.00%,6.10%,79.4,6.43%,984812.0,1.650801,10.267895,Africa,107665288.4,2153305.768,221.6
54,Eritrea,35.0,ER,75.20%,117600.0,202000.0,30.3,291.0,Asmara,711.0,,,ERN,4.06,14.90%,2.0,54,2065001626.0,68.40%,3.40%,31.3,Asmara,65.9,480.0,,Tigrinya,52.4,0.06,6333135.0,78.40%,,83.7,5.14%,1149670.0,15.179384,39.782334,Africa,530083399.5,15145239.985714287,396.3
55,Estonia,31.0,EE,23.10%,45228.0,6000.0,10.9,372.0,Tallinn,16590.0,122.14,2.30%,EUR,1.59,51.30%,1.14,55,31386949981.0,97.20%,69.60%,2.1,Tallinn,78.2,9.0,3.14,Estonian,22.8,4.48,1331824.0,63.60%,20.90%,47.8,5.11%,916024.0,58.595272,25.013607,Europe,63661187.199999996,2053586.6838709677,-38.8
56,Eswatini,67.0,,,17364.0,,,268.0,Mbabane,,,,,,,,56,3791304348.0,,,,Mbabane,,,,English,11.3,,1093238.0,,28.60%,,,,-26.522503,31.465866,Africa,,,
57,Ethiopia,115.0,ET,36.30%,1104300.0,138000.0,32.34,251.0,Addis Ababa,14870.0,143.86,15.80%,ETB,4.25,12.50%,0.75,57,96107662398.0,101.00%,8.10%,39.1,Addis Ababa,66.2,401.0,,Amharic,37.8,0.08,112078730.0,79.60%,7.50%,37.7,2.08%,23788710.0,9.145,40.489673,Africa,4225368121.0000005,36742331.48695653,363.3
58,Fiji,49.0,FJ,23.30%,18274.0,4000.0,21.28,679.0,Suva,2046.0,132.3,1.80%,FJD,2.77,55.90%,0.82,58,5535548972.0,106.40%,16.10%,21.6,Suva,67.3,34.0,1.28,Fiji Hindi,21.4,0.84,889953.0,57.60%,24.20%,32.1,4.10%,505048.0,-17.713371,178.065032,,28567491.3,583010.0265306123,1.8999999999999986
59,Finland,18.0,FI,7.50%,338145.0,25000.0,8.6,358.0,Helsinki,45871.0,112.33,1.00%,EUR,1.41,73.10%,1.45,59,268761201365.0,100.20%,88.20%,1.4,Helsinki,81.7,3.0,,Swedish,19.9,3.81,5520314.0,59.10%,20.80%,36.6,6.59%,4716888.0,61.92411,25.748151,Europe,202043492.4,11224638.466666667,-33.6
60,France,119.0,FR,52.40%,643801.0,307000.0,11.3,33.0,Paris,303276.0,110.05,1.10%,EUR,1.88,31.20%,1.39,60,2715518274227.0,102.50%,65.60%,3.4,Paris,82.5,8.0,11.16,French,6.8,3.27,67059887.0,55.10%,24.20%,60.7,8.43%,54123364.0,46.227638,2.213749,Europe,4070535140.9,34206177.65462185,-52.7
61,Gabon,9.0,GA,20.00%,267667.0,7000.0,31.61,241.0,Libreville,5321.0,122.19,2.10%,XAF,3.97,90.00%,0.92,61,16657960228.0,139.90%,8.30%,32.7,Libreville,66.2,252.0,1.46,French,25.9,0.68,2172579.0,52.90%,10.20%,47.1,20.00%,1949694.0,-0.803689,11.609444,Africa,102328470.9,11369830.100000001,204.9
62,The Gambia,239.0,GM,59.80%,11300.0,1000.0,38.54,220.0,Banjul,532.0,172.73,7.10%,GMD,5.22,48.40%,1.18,62,1763819048.0,98.00%,2.70%,39.0,Serekunda,61.7,597.0,0.13,English,20.3,0.1,2347706.0,59.40%,9.40%,48.4,9.06%,1453958.0,13.443182,-15.310139,Africa,113628970.39999999,475435.02259414224,548.6
63,Georgia,57.0,GE,34.50%,69700.0,26000.0,13.47,995.0,Tbilisi,10128.0,133.61,4.90%,GEL,2.06,40.60%,0.76,63,17743195770.0,98.60%,63.90%,8.7,Tbilisi,73.6,25.0,0.05,Georgian,57.3,7.12,3720382.0,68.30%,21.70%,9.9,14.40%,2196476.0,42.315407,43.356892,Asia,36831781.800000004,646171.6105263159,15.1
64,Germany,240.0,DE,47.70%,357022.0,180000.0,9.5,49.0,Berlin,727973.0,112.85,1.40%,EUR,1.56,32.70%,1.39,64,3845630030824.0,104.00%,70.20%,3.1,Berlin,80.9,7.0,9.99,German,12.5,4.25,83132799.0,60.80%,11.50%,48.8,3.04%,64324835.0,51.165691,10.451526,Europe,4056880591.2,16903669.13,-41.8
65,Ghana,137.0,GH,69.00%,238533.0,16000.0,29.41,233.0,Accra,16670.0,268.36,7.20%,GHS,3.87,41.20%,0.92,65,66983634224.0,104.80%,15.70%,34.9,Accra,63.8,308.0,0.27,English,36.1,0.14,30792608.0,67.80%,12.60%,55.4,4.33%,17249054.0,7.946527,-1.023194,Africa,1705910483.2,12451901.337226277,252.6
66,Greece,81.0,GR,47.60%,131957.0,146000.0,8.1,30.0,Athens,62434.0,101.87,0.20%,EUR,1.35,31.70%,1.54,66,209852761469.0,99.60%,136.60%,3.6,Macedonia,81.3,3.0,4.46,Greek,35.5,5.48,10716322.0,51.80%,26.20%,51.9,17.24%,8507474.0,39.074208,21.824312,Europe,556177111.8,6866384.0962962955,-48.9
67,Grenada,331.0,GD,23.50%,349.0,,16.47,1.0,"St. George's, Grenada",268.0,107.43,0.80%,XCD,2.06,50.00%,1.12,67,1228170370.0,106.90%,104.60%,13.7,"St. George's, Grenada",72.4,25.0,,English,57.0,1.41,112003.0,,19.40%,47.8,,40765.0,12.1165,-61.679,North America,5353743.399999999,16174.451359516615,-22.799999999999997
68,Guatemala,167.0,GT,36.00%,108889.0,43000.0,24.56,502.0,Guatemala City,16777.0,142.92,3.70%,GTQ,2.87,32.70%,0.79,68,76710385880.0,101.90%,21.80%,22.1,Guatemala City,74.1,95.0,1.6,Spanish,55.8,0.35,16604026.0,62.30%,10.60%,35.2,2.46%,8540945.0,15.783471,-90.230759,North America,584461715.2,3499770.749700599,59.8
69,Guinea,53.0,GN,59.00%,245857.0,13000.0,36.36,224.0,Conakry,2996.0,262.95,9.50%,GNF,4.7,25.80%,0.9,69,13590281809.0,91.50%,11.60%,64.9,Kankan,61.2,576.0,,French,54.5,0.08,12771246.0,61.50%,10.80%,69.3,4.30%,4661505.0,9.945587,-9.696645,Africa,885047347.8,16699006.56226415,506.7
70,Guinea-Bissau,70.0,GW,58.00%,36125.0,4000.0,35.13,245.0,Bissau,293.0,111.65,1.40%,XOF,4.48,69.80%,,70,1340389411.0,118.70%,2.60%,54.0,Bissau,58.0,667.0,0.16,Portuguese,37.2,0.13,1920922.0,72.00%,10.30%,45.5,2.47%,840922.0,11.803749,-15.180413,Africa,87401951.0,1248599.3,621.5
71,Guyana,4.0,GY,8.60%,214969.0,3000.0,19.97,592.0,"Georgetown, Guyana",2384.0,116.19,2.10%,GYD,2.46,83.90%,0.9,71,4280443645.0,97.80%,11.60%,25.1,"Georgetown, Guyana",69.8,169.0,0.98,English,40.5,0.8,782766.0,56.20%,,30.6,11.85%,208912.0,4.860416,-58.93018,South America,23952639.6,5988159.9,138.4
72,Haiti,414.0,HT,66.80%,27750.0,0.0,24.35,509.0,Port-au-Prince,2978.0,179.29,12.50%,HTG,2.94,3.50%,0.81,72,8498981821.0,113.60%,1.10%,49.5,Port-au-Prince,63.7,480.0,0.25,French,36.3,0.23,11263077.0,67.20%,,42.7,13.78%,6328948.0,18.971187,-72.285215,North America,480933387.90000004,1161674.85,437.3
73,Vatican City,2003.0,,,0.0,,,379.0,Vatican City,,,,EUR,,,,73,,,,,,,,,Italian,,,836.0,,,,,,41.902916,12.453389,Europe,,,
74,Honduras,89.0,HN,28.90%,112090.0,23000.0,21.6,504.0,Tegucigalpa,9813.0,150.34,4.40%,HNL,2.46,40.00%,0.98,74,25095395475.0,91.50%,26.20%,15.1,Tegucigalpa,75.1,65.0,1.01,Spanish,49.1,0.31,9746117.0,68.80%,17.30%,39.1,5.39%,5626433.0,15.199999,-86.241905,North America,381073174.7,4281721.064044944,25.9
75,Hungary,107.0,HU,58.40%,93028.0,40000.0,9.6,36.0,Budapest,45537.0,121.64,3.30%,HUF,1.54,22.90%,1.18,75,160967157504.0,100.80%,48.50%,3.6,Budapest,75.8,12.0,2.62,Hungarian,29.0,3.41,9769949.0,56.50%,23.00%,37.9,3.40%,6999582.0,47.162494,19.503304,Europe,370281067.09999996,3460570.720560747,-25.9
76,Iceland,3.0,IS,18.70%,103000.0,0.0,12.0,354.0,Reykjav��,2065.0,129.0,3.00%,ISK,1.71,0.50%,1.69,76,24188035739.0,100.40%,71.80%,1.5,Reykjav��,82.7,4.0,,Icelandic,17.0,4.08,361313.0,75.00%,23.30%,31.9,2.84%,339110.0,64.963051,-19.020835,Europe,11525884.7,3841961.5666666664,-27.9
77,India,464.0,IN,60.40%,3287263.0,3031000.0,17.86,91.0,New Delhi,2407672.0,180.44,7.70%,INR,2.22,23.80%,0.97,77,2611000000000.0,113.00%,28.10%,29.9,Kurebhar,69.4,145.0,0.3,Hindi,65.1,0.86,1366417754.0,49.30%,11.20%,49.7,5.36%,471031528.0,20.593684,78.96288,Asia,67910962373.8,146359832.70215517,95.3
78,Indonesia,151.0,ID,31.50%,1904569.0,676000.0,18.07,62.0,Jakarta,563325.0,151.18,3.00%,IDR,2.31,49.90%,0.63,78,1119190780753.0,106.40%,36.30%,21.1,Kalimantan,71.5,177.0,0.48,Indonesian,48.3,0.43,270203917.0,67.50%,10.20%,30.1,4.69%,151509724.0,-0.789275,113.921327,Asia,8133137901.700001,53861840.40860928,146.9
79,Iran,52.0,IR,28.20%,1648195.0,563000.0,18.78,98.0,Tehran,661710.0,550.93,39.90%,IRR,2.14,6.60%,0.4,79,445345282123.0,110.70%,68.10%,12.4,Tehran,76.5,16.0,1.58,Persian,39.7,1.58,82913906.0,44.70%,7.40%,44.7,11.38%,62509623.0,32.427908,53.688046,Asia,3706251598.2000003,71274069.19615385,-28.700000000000003
80,Iraq,93.0,IQ,21.40%,438317.0,209000.0,29.08,964.0,Baghdad,190061.0,119.86,0.40%,IQD,3.67,1.90%,0.61,80,234094042939.0,108.70%,16.20%,22.5,Baghdad,70.5,79.0,1.24,Arabic,76.5,0.71,39309783.0,43.00%,2.00%,30.8,12.82%,27783368.0,33.223191,43.679291,Asia,1210741316.4,13018723.832258066,48.2
81,Republic of Ireland,72.0,,64.50%,70273.0,9000.0,12.5,353.0,Dublin,37711.0,106.58,0.90%,EUR,1.75,11.00%,1.37,81,388698711348.0,100.90%,77.80%,3.1,Connacht,82.3,5.0,10.79,Irish,15.2,3.31,5007069.0,62.10%,18.30%,26.1,4.93%,3133123.0,53.41291,-8.24389,,130684500.9,1815062.5125000002,-21.1
82,Israel,400.0,IL,24.60%,20770.0,178000.0,20.8,972.0,Jerusalem,65166.0,108.15,0.80%,ILS,3.09,7.70%,1.57,82,395098666122.0,104.90%,63.40%,3.0,Jerusalem,82.8,3.0,7.58,Hebrew,24.4,4.62,9053300.0,64.00%,23.10%,25.3,3.86%,8374393.0,31.046051,34.851612,Asia,229048490.0,572621.225,-22.3
83,Italy,206.0,IT,43.20%,301340.0,347000.0,7.3,39.0,Rome,320411.0,110.62,0.60%,EUR,1.29,31.80%,1.61,83,2001244392042.0,101.90%,61.90%,2.6,Rome,82.9,2.0,,Italian,22.8,3.98,60297396.0,49.60%,24.30%,59.1,9.89%,42651966.0,41.87194,12.56738,Europe,3563576103.6,17298913.124271844,-57.1
84,Jamaica,273.0,JM,41.00%,10991.0,4000.0,16.1,1876.0,"Kingston, Jamaica",8225.0,162.47,3.90%,JMD,1.98,30.90%,1.11,84,16458071068.0,91.00%,27.10%,12.4,"Kingston, Jamaica",74.4,80.0,1.33,Jamaican English,23.7,1.31,2948279.0,66.00%,26.80%,35.1,8.00%,1650594.0,18.109581,-77.297508,North America,103484592.9,379064.4428571429,44.9
85,Japan,347.0,JP,12.30%,377944.0,261000.0,7.4,81.0,Tokyo,1135886.0,105.48,0.50%,,1.42,68.50%,1.06,85,5081769542380.0,98.80%,63.20%,1.8,Tokyo,84.2,5.0,6.77,,13.1,2.41,126226568.0,61.70%,11.90%,46.7,2.29%,115782416.0,36.204824,138.252924,Asia,5894780725.6,16987840.70778098,-41.7
86,Jordan,115.0,JO,12.00%,89342.0,116000.0,21.98,962.0,Amman,25108.0,125.6,0.80%,JOD,2.76,1.10%,1.1,86,43743661972.0,81.50%,34.40%,13.9,Amman,74.4,46.0,1.49,Arabic,25.1,2.32,10101694.0,39.30%,15.10%,28.6,14.72%,9213048.0,30.585164,36.238414,Asia,288908448.40000004,2512247.377391305,17.4
87,Kazakhstan,7.0,KZ,80.40%,2724900.0,71000.0,21.77,7.0,Astana,247207.0,182.75,5.20%,KZT,2.84,1.20%,0.42,87,180161741180.0,104.40%,61.70%,8.8,Almaty,73.2,10.0,0.41,Russian,38.8,3.25,18513930.0,68.80%,11.70%,28.4,4.59%,10652915.0,48.019573,66.923684,Asia,525795612.0,75113658.85714285,-18.4
88,Kenya,94.0,KE,48.50%,580367.0,29000.0,28.75,254.0,Nairobi,17910.0,180.51,4.70%,KES,3.49,7.80%,0.95,88,95503088538.0,103.20%,11.50%,30.6,Nairobi,66.3,342.0,0.25,Swahili,33.4,0.16,52573973.0,74.70%,15.10%,37.2,2.64%,14461523.0,-0.023559,37.906193,Africa,1955751795.6000001,20805870.165957447,304.8
89,Kiribati,147.0,KI,42.00%,811.0,,27.89,686.0,South Tarawa,66.0,99.55,0.60%,AUD,3.57,15.00%,,89,194647202.0,101.30%,,41.2,South Tarawa,68.1,92.0,,English,0.2,0.2,117606.0,,22.00%,32.7,,64489.0,1.8368976,-157.3768317,,3845716.2,26161.334693877554,59.3
90,Kuwait,240.0,KW,8.40%,17818.0,25000.0,13.94,965.0,Kuwait City,98734.0,126.6,1.10%,KWD,2.08,0.40%,0.35,90,134761198946.0,92.40%,54.40%,6.7,Kuwait City,75.4,12.0,0.95,Modern Standard Arabic,14.4,2.58,4207083.0,73.50%,1.40%,13.0,2.18%,4207083.0,29.31166,47.481766,Asia,54692079.0,227883.6625,-1.0
91,Kyrgyzstan,34.0,KG,55.00%,199951.0,21000.0,27.1,996.0,Bishkek,9787.0,155.68,1.10%,KGS,3.3,3.30%,0.56,91,8454619608.0,107.60%,41.30%,16.9,Bishkek,71.4,60.0,0.09,Russian,48.2,1.88,6456900.0,59.80%,18.00%,29.0,6.33%,2362644.0,41.20438,74.766098,Asia,187250100.0,5507355.882352941,31.0
92,Laos,32.0,LA,10.30%,236800.0,129000.0,23.55,856.0,Vientiane,17763.0,135.87,3.30%,LAK,2.67,82.10%,0.93,92,18173839128.0,102.40%,15.00%,37.6,Vientiane,67.6,185.0,0.83,Lao,45.4,0.37,7169455.0,78.50%,12.90%,24.1,0.63%,2555552.0,19.85627,102.495496,Asia,172783865.5,5399495.796875,160.9
93,Latvia,30.0,LV,31.10%,64589.0,6000.0,10.0,371.0,Riga,7004.0,116.86,2.80%,EUR,1.6,54.00%,1.16,93,34117202555.0,99.40%,88.10%,3.3,Riga,74.7,19.0,2.8,Latvian,41.6,3.19,1912789.0,61.40%,22.90%,38.1,6.52%,1304943.0,56.879635,24.603189,Europe,72877260.9,2429242.0300000003,-19.1
94,Lebanon,667.0,LB,64.30%,10400.0,80000.0,17.55,961.0,Beirut,24796.0,130.02,3.00%,LBP,2.09,13.40%,0.74,94,53367042272.0,95.10%,26.30%,6.4,"Tripoli, Lebanon",78.9,29.0,2.15,Arabic,32.1,2.1,6855713.0,47.00%,15.30%,32.2,6.23%,6084994.0,33.854721,35.862285,Asia,220753958.60000002,330965.45517241384,-3.200000000000003
95,Lesotho,71.0,LS,77.60%,30355.0,2000.0,26.81,266.0,Maseru,2512.0,155.86,5.20%,,3.14,1.60%,0.7,95,2460072444.0,120.90%,10.20%,65.7,Maseru,53.7,544.0,0.41,English,16.9,0.07,2125268.0,67.90%,31.60%,13.6,23.41%,607508.0,-29.609988,28.233608,Africa,28903644.8,407093.5887323944,530.4
96,Liberia,53.0,LR,28.00%,111369.0,2000.0,33.04,231.0,Monrovia,1386.0,223.13,23.60%,,4.32,43.10%,0.8,96,3070518100.0,85.10%,11.90%,53.5,Monrovia,63.7,661.0,0.17,English,19.6,0.04,4937374.0,76.30%,12.90%,46.2,2.81%,2548426.0,6.428055,-9.429499,Africa,228106678.8,4303899.600000001,614.8
97,Libya,4.0,LY,8.70%,1759540.0,0.0,18.83,218.0,,50564.0,125.71,2.60%,LYD,2.24,0.10%,0.11,97,52076250948.0,109.00%,60.50%,10.2,,72.7,72.0,1.88,Arabic,36.7,2.09,6777452.0,49.70%,,32.6,18.56%,5448597.0,26.3351,17.228331,Africa,220944935.20000002,55236233.800000004,39.4
98,Liechtenstein,238.0,LI,32.20%,160.0,,9.9,423.0,Vaduz,51.0,,,CHF,1.44,43.10%,1.74,98,6552858739.0,104.70%,35.60%,,Schaan,83.0,,,German,,,38019.0,,,21.6,,5464.0,47.1410392,9.520935,Europe,821210.4,3450.4638655462186,
99,Lithuania,43.0,LT,47.20%,65300.0,34000.0,10.0,370.0,Vilnius,12963.0,118.38,2.30%,EUR,1.63,34.80%,1.16,99,54219315600.0,103.90%,72.40%,3.3,Vilnius,75.7,8.0,2.41,Lithuanian,32.1,6.35,2786844.0,61.60%,16.90%,42.6,6.35%,1891013.0,55.169438,23.881275,Europe,118719554.4,2760919.869767442,-34.6
100,Luxembourg,242.0,LU,53.70%,2586.0,2000.0,10.3,352.0,Luxembourg City,8988.0,115.09,1.70%,EUR,1.37,35.70%,1.19,100,71104919108.0,102.30%,19.20%,1.9,Luxembourg City,82.1,5.0,13.05,Luxembourgish,10.6,3.01,645397.0,59.30%,26.50%,20.4,5.36%,565488.0,49.815273,6.129583,Europe,13166098.799999999,54405.36694214876,-15.399999999999999
101,Madagascar,48.0,MG,71.20%,587041.0,22000.0,32.66,261.0,Antananarivo,3905.0,184.33,5.60%,MGA,4.08,21.40%,1.11,101,14083906357.0,142.50%,5.40%,38.2,Antananarivo,66.7,335.0,0.21,French,21.7,0.18,26969307.0,86.10%,10.20%,38.3,1.76%,10210849.0,-18.766947,46.869107,Africa,1032924458.0999999,21519259.54375,296.7
102,Malawi,203.0,MW,61.40%,118484.0,15000.0,34.12,265.0,Lilongwe,1298.0,418.34,9.40%,MWK,4.21,33.20%,1.15,102,7666704427.0,142.50%,0.80%,35.3,Lilongwe,63.8,349.0,0.12,English,11.0,0.04,18628747.0,76.70%,17.30%,34.5,5.65%,3199301.0,-13.254308,34.301525,Africa,642691771.5,3165969.31773399,314.5
103,Malaysia,99.0,MY,26.30%,329847.0,136000.0,16.75,60.0,Kuala Lumpur,248289.0,121.46,0.70%,MYR,2.0,67.60%,0.45,103,364701517788.0,105.30%,45.10%,6.7,Johor Bahru,76.0,29.0,0.93,Malaysian language,36.7,1.51,32447385.0,64.30%,12.00%,38.7,3.32%,24475766.0,4.210484,101.975766,Asia,1255713799.5,12683977.772727273,-9.700000000000003
104,Maldives,1802.0,MV,26.30%,298.0,5000.0,14.2,960.0,Mal�,1445.0,99.7,0.20%,,1.87,3.30%,1.63,104,5729248472.0,97.10%,31.20%,7.4,Mal�,78.6,53.0,,Divehi,16.4,4.56,530953.0,69.80%,19.50%,30.2,6.14%,213645.0,3.202778,73.22068,Asia,16034780.6,8898.324417314096,22.8
105,Mali,17.0,ML,33.80%,1240192.0,18000.0,41.54,223.0,Bamako,3179.0,108.73,-1.70%,XOF,5.88,3.80%,1.12,105,17510141171.0,75.60%,4.50%,62.0,Bamako,58.9,562.0,0.23,French,46.3,0.13,19658031.0,70.80%,11.60%,54.5,7.22%,8479688.0,17.570692,-3.996166,Africa,1071362689.5,63021334.676470585,507.5
106,Malta,1380.0,MT,32.40%,316.0,2000.0,9.2,356.0,Valletta,1342.0,113.45,1.60%,EUR,1.23,1.10%,1.36,106,14786156563.0,105.00%,54.30%,6.1,Birkirkara,82.3,6.0,5.07,Maltese,37.1,2.86,502653.0,56.50%,26.20%,44.0,3.47%,475902.0,35.937496,14.375416,Europe,22116732.0,16026.617391304348,-38.0
107,Marshall Islands,329.0,MH,63.90%,181.0,,29.03,692.0,Majuro,143.0,,,USD,4.05,70.20%,1.44,107,221278000.0,84.70%,23.70%,27.4,Majuro,65.2,,2.0,Marshallese,10.0,0.42,58791.0,,17.80%,65.9,,45514.0,7.131474,171.184478,,3874326.9000000004,11776.069604863224,
108,Mauritania,5.0,MR,38.50%,1030700.0,21000.0,33.69,222.0,Nouakchott,2739.0,135.02,2.30%,MRU,4.56,0.20%,1.13,108,7593752450.0,99.90%,5.00%,51.5,Nouakchott,64.7,766.0,0.53,Arabic,48.2,0.19,4525696.0,45.90%,,67.0,9.55%,2466821.0,21.00789,-10.940835,Africa,303221632.0,60644326.4,699.0
109,Mauritius,626.0,MU,42.40%,2040.0,3000.0,10.2,230.0,Port Louis,4349.0,129.91,0.40%,MUR,1.41,19.00%,1.12,109,14180444557.0,101.10%,40.60%,13.6,Port Louis,74.4,61.0,0.38,French,50.7,2.53,1265711.0,58.30%,19.10%,22.2,6.67%,515980.0,-20.348404,57.552152,Africa,28098784.2,44886.23674121406,38.8
110,Mexico,66.0,MX,54.60%,1964375.0,336000.0,17.6,52.0,Mexico City,486406.0,141.54,3.60%,MXN,2.13,33.90%,0.73,110,1258286717125.0,105.80%,40.20%,11.0,Mexico City,75.0,33.0,0.49,,41.4,2.38,126014024.0,60.70%,13.10%,55.1,3.42%,102626859.0,23.634501,-102.552784,North America,6943372722.400001,105202617.00606062,-22.1
111,Federated States of Micronesia,784.0,FM,31.40%,702.0,,22.82,691.0,Palikir,143.0,112.1,0.50%,USD,3.05,91.90%,,111,401932279.0,97.20%,14.10%,25.6,Palikir,67.8,88.0,,English,2.5,0.18,113815.0,,25.20%,60.5,,25963.0,7.425554,150.550812,,6885807.5,8782.917729591836,27.5
112,Moldova,123.0,MD,74.20%,33851.0,7000.0,10.1,373.0,Chi����,5115.0,166.2,4.80%,MDL,1.26,12.60%,0.8,112,11955435457.0,90.60%,39.80%,13.6,Chi����,71.8,19.0,0.31,Romanian,46.2,3.21,2657637.0,43.10%,17.70%,38.7,5.47%,1135502.0,47.411631,28.369885,Europe,102850551.9,836183.3487804879,-19.700000000000003
113,Monaco,26337.0,MC,,2.0,,5.9,377.0,Monaco City,,,,EUR,,,2.0,113,7184844193.0,,,2.6,Monaco City,,,11.72,French,6.1,6.56,38964.0,,,,,38964.0,43.7384176,7.4246158,Europe,,,
114,Mongolia,2.0,MN,71.50%,1564116.0,18000.0,24.13,976.0,Ulaanbaatar,25368.0,195.76,7.30%,MNT,2.9,8.00%,0.72,114,13852850259.0,104.00%,65.60%,14.0,Ulaanbaatar,69.7,45.0,0.65,Mongolian,39.3,2.86,3225167.0,59.70%,16.80%,25.7,6.01%,2210626.0,46.862496,103.846656,Asia,82886791.89999999,41443395.949999996,19.3
115,Montenegro,47.0,ME,19.00%,13812.0,12000.0,11.73,382.0,Podgorica,2017.0,116.32,2.60%,EUR,1.75,61.50%,1.16,115,5494736901.0,100.00%,56.10%,2.3,Podgorica,76.8,6.0,1.23,Montenegrin language,31.8,2.76,622137.0,54.40%,,22.2,14.88%,417765.0,42.708678,19.37439,Europe,13811441.4,293860.45531914895,-16.2
116,Morocco,83.0,MA,68.50%,446550.0,246000.0,18.94,212.0,Rabat,61276.0,111.07,0.20%,MAD,2.42,12.60%,0.99,116,118725279596.0,113.90%,35.90%,19.2,Casablanca,76.5,70.0,1.6,Arabic,53.1,0.73,36910560.0,45.30%,21.90%,45.8,9.02%,22975026.0,31.791702,-7.09262,Africa,1690503648.0,20367513.8313253,24.200000000000003
117,Mozambique,40.0,MZ,63.50%,799380.0,11000.0,37.52,258.0,Maputo,7943.0,182.31,2.80%,MZN,4.85,48.00%,0.65,117,14934159926.0,112.60%,7.30%,54.0,Maputo,60.2,289.0,0.27,Portuguese,6.8,0.08,30366036.0,78.10%,0.00%,36.1,3.24%,11092106.0,-18.665695,35.529562,Africa,1096213899.6000001,27405347.490000002,252.9
118,Myanmar,83.0,MM,19.50%,676578.0,513000.0,17.55,95.0,Naypyidaw,25280.0,168.18,8.80%,MMK,2.15,43.60%,0.54,118,76085852617.0,112.30%,18.80%,36.8,Yangon,66.9,250.0,0.39,Burmese,73.9,0.68,54045420.0,61.70%,5.40%,31.2,1.58%,16674093.0,21.916221,95.955974,Asia,1686217104.0,20315868.722891565,218.8
119,Namibia,3.0,,47.10%,824292.0,16000.0,28.64,264.0,Windhoek,4228.0,157.97,3.70%,,3.4,8.30%,0.76,119,12366527719.0,124.20%,22.90%,29.0,Windhoek,63.4,195.0,,English,8.3,0.42,2494530.0,59.50%,27.10%,20.7,20.27%,1273258.0,-22.95764,18.49041,Africa,51636771.0,17212257.0,174.3
120,Nauru,541.0,NR,,21.0,,,674.0,Yaren District,,,,AUD,,,,120,133000000.0,,,,,,,,English,,,10084.0,,,,,,-0.522778,166.931503,,,,
121,Nepal,203.0,NP,28.70%,147181.0,112000.0,19.89,977.0,Kathmandu,9105.0,188.73,5.60%,NPR,1.92,25.40%,0.91,121,30641380604.0,142.10%,12.40%,26.7,Kathmandu,70.5,186.0,0.36,Nepali,60.4,0.75,28608710.0,83.80%,20.70%,41.8,1.41%,5765513.0,28.394857,84.124008,Asia,1195844078.0,5890857.527093596,144.2
122,Netherlands,508.0,NL,53.30%,41543.0,41000.0,9.7,31.0,Amsterdam,170780.0,115.91,2.60%,,1.59,11.20%,1.68,122,909070395161.0,104.20%,85.00%,3.3,Amsterdam,81.8,5.0,10.29,Dutch,12.3,3.61,17332850.0,63.60%,23.00%,41.2,3.20%,15924729.0,52.132633,5.291266,Europe,714113420.0,1405735.0787401574,-36.2
123,New Zealand,18.0,NZ,40.50%,268838.0,9000.0,11.98,64.0,Wellington,34382.0,114.24,1.60%,NZD,1.71,38.60%,1.4,123,206928765544.0,100.00%,82.00%,4.7,Auckland,81.9,9.0,11.49,English,12.6,3.59,4841000.0,69.90%,29.00%,34.6,4.07%,4258860.0,-40.900557,174.885971,,167498600.0,9305477.777777778,-25.6
124,Nicaragua,55.0,NI,42.10%,130370.0,12000.0,20.64,505.0,Managua,5592.0,162.74,5.40%,NIO,2.4,25.90%,0.91,124,12520915291.0,120.60%,17.40%,15.7,Managua,74.3,98.0,0.54,Spanish,36.0,0.98,6545502.0,66.40%,15.60%,60.6,6.84%,3846137.0,12.865416,-85.207229,North America,396657421.2,7211953.112727272,37.4
125,Niger,19.0,NE,36.10%,1267000.0,10000.0,46.08,227.0,Niamey,2017.0,109.32,-2.50%,XOF,6.91,0.90%,0.88,125,12928145120.0,74.70%,4.40%,48.0,Niamey,62.0,509.0,0.29,French,52.3,0.04,23310715.0,72.00%,11.80%,47.2,0.47%,3850231.0,17.607789,8.081666,Africa,1100265748.0,57908723.578947365,461.8
126,Nigeria,226.0,NG,77.70%,923768.0,215000.0,37.91,234.0,Abuja,120369.0,267.51,11.40%,NGN,5.39,7.20%,0.46,126,448120428859.0,84.70%,10.20%,75.7,Lagos,54.3,917.0,0.54,English,72.2,0.38,200963599.0,52.90%,1.50%,34.8,8.10%,102806948.0,9.081999,8.675277,Africa,6993533245.2,30944837.36814159,882.2
127,North Korea,214.0,KP,21.80%,120538.0,1469000.0,13.89,850.0,Pyongyang,28284.0,,,KPW,1.9,40.70%,0.58,127,32100000000.0,112.80%,27.00%,13.7,Pyongyang,72.1,89.0,,Korean,,3.67,25666161.0,80.40%,,,2.74%,15947412.0,40.339852,127.510093,Asia,,,
128,North Macedonia,83.0,,,25713.0,,,389.0,Skopje,,,,MKD,,,,128,10220781069.0,,,,Skopje,,,,Macedonian,35.6,,1836713.0,,,,,,41.608635,21.745275,Europe,,,
129,Norway,15.0,NO,2.70%,323802.0,23000.0,10.4,47.0,Oslo,41023.0,120.27,2.20%,NOK,1.56,33.20%,1.78,129,403336363636.0,100.30%,82.00%,2.1,Oslo,82.8,2.0,,Norwegian,14.3,2.92,5347896.0,63.80%,23.90%,36.2,3.35%,4418218.0,60.472024,8.468946,Europe,193593835.20000002,12906255.680000002,-34.2
130,Oman,16.0,OM,4.60%,309500.0,47000.0,19.19,968.0,Muscat,63457.0,113.53,0.10%,OMR,2.89,0.00%,0.45,130,76983094928.0,103.40%,38.00%,9.8,Seeb,77.6,19.0,4.33,Arabic,6.4,2.0,5266535.0,72.40%,2.50%,27.4,2.67%,4250777.0,21.4735329,55.975413,Asia,144303059.0,9018941.1875,-8.399999999999999
131,Pakistan,287.0,PK,47.80%,796095.0,936000.0,28.25,92.0,Islamabad,201150.0,182.32,10.60%,PKR,3.51,1.90%,0.79,131,304400000000.0,94.30%,9.00%,57.2,Karachi,67.1,140.0,0.69,Urdu,66.5,0.98,216565318.0,52.60%,9.20%,33.9,4.45%,79927762.0,30.375321,69.345116,Asia,7341564280.2,25580363.345644597,106.1
132,Palau,39.0,PW,10.90%,459.0,,14.0,680.0,Ngerulmud,224.0,118.17,1.30%,USD,2.21,87.60%,,132,283994900.0,112.60%,54.70%,16.6,Koror,69.1,,3.0,English,21.8,1.18,18233.0,,21.30%,76.6,,14491.0,7.51498,134.58252,,1396647.7999999998,35811.482051282044,
133,Palestinian National Authority,847.0,,,,,,,,,,,,,,,133,,,,,,,,,Arabic,,,,,,,,,31.952162,35.233154,,,,
134,Panama,58.0,PA,30.40%,75420.0,26000.0,18.98,507.0,Panama City,10715.0,122.07,-0.40%,,2.46,61.90%,0.74,134,66800800000.0,94.40%,47.80%,13.1,Panama City,78.3,52.0,1.53,Spanish,30.5,1.57,4246439.0,66.60%,,37.2,3.90%,2890084.0,8.537981,-80.782127,North America,157967530.8,2723578.1172413793,14.799999999999997
135,Papua New Guinea,20.0,PG,2.60%,462840.0,4000.0,27.07,675.0,Port Moresby,7536.0,155.99,3.60%,PGK,3.56,74.10%,1.36,135,24969611435.0,108.50%,1.80%,38.0,Port Moresby,64.3,145.0,1.16,Tok Pisin,5.8,0.07,8776109.0,47.20%,13.60%,37.1,2.46%,1162834.0,-6.314993,143.95555,,325593643.90000004,16279682.195000002,107.9
136,Paraguay,18.0,PY,55.10%,406752.0,27000.0,20.57,595.0,Asunci��,7407.0,143.82,2.80%,PYG,2.43,37.70%,1.04,136,38145288940.0,104.40%,34.60%,17.2,Ciudad del Este,74.1,129.0,1.55,Spanish,36.5,1.35,7044636.0,72.10%,10.00%,35.0,4.81%,4359150.0,-23.442503,-58.443832,South America,246562260.0,13697903.333333334,94.0
137,Peru,26.0,PE,18.50%,1285216.0,158000.0,17.95,51.0,Lima,57414.0,129.78,2.10%,PEN,2.25,57.70%,0.99,137,226848050820.0,106.90%,70.70%,11.1,Lima,76.5,88.0,1.28,Spanish,30.9,1.27,32510453.0,77.60%,14.30%,36.8,3.31%,25390339.0,-9.189967,-75.015152,South America,1196384670.3999999,46014795.01538461,51.2
138,Philippines,368.0,PH,41.70%,300000.0,153000.0,20.55,63.0,Manila,122287.0,129.61,2.50%,PHP,2.58,27.80%,0.86,138,376795508680.0,107.50%,35.50%,22.5,Manila,71.1,121.0,1.12,English,53.5,0.6,108116615.0,59.60%,14.00%,43.1,2.15%,50975903.0,12.879721,121.774017,Asia,4659826106.5,12662570.941576088,77.9
139,Poland,124.0,PL,46.90%,312685.0,191000.0,10.2,48.0,Warsaw,299037.0,114.11,2.20%,PLN,1.46,30.90%,1.07,139,592164400688.0,100.00%,67.80%,3.8,Warsaw,77.6,2.0,2.93,Polish,23.2,2.38,37970874.0,56.70%,17.40%,40.8,3.47%,22796574.0,51.919438,19.145136,Europe,1549211659.1999998,12493642.412903225,-38.8
140,Portugal,111.0,PT,39.50%,92212.0,52000.0,8.5,351.0,Lisbon,48742.0,110.62,0.30%,EUR,1.38,34.60%,1.54,140,237686075635.0,106.20%,63.90%,3.1,Lisbon,81.3,8.0,3.78,Portuguese,27.7,5.12,10269417.0,58.80%,22.80%,39.8,6.33%,6753579.0,39.399872,-8.224454,Europe,408722796.59999996,3682187.3567567565,-31.799999999999997
141,Qatar,248.0,QA,5.80%,11586.0,22000.0,9.54,974.0,Doha,103259.0,115.38,-0.70%,QAR,1.87,0.00%,0.4,141,183466208791.0,103.80%,17.90%,5.8,Doha,80.1,9.0,,Arabic,6.2,2.49,2832067.0,86.80%,14.70%,11.3,0.09%,2809071.0,25.354826,51.183884,Asia,32002357.1,129041.76250000001,-2.3000000000000007
142,Romania,84.0,RO,58.80%,238391.0,126000.0,9.6,40.0,Bucharest,69259.0,123.78,3.80%,RON,1.71,30.10%,1.16,142,250077444017.0,85.20%,49.40%,6.1,Bucharest,75.4,19.0,2.25,Romanian,21.3,2.98,19356544.0,54.70%,14.60%,20.0,3.98%,10468793.0,45.943161,24.96676,Europe,387130880.0,4608700.952380952,-1.0
143,Russia,9.0,RU,13.30%,17098240.0,1454000.0,11.5,7.0,Moscow,1732027.0,180.75,4.50%,RUB,1.57,49.80%,0.59,143,1699876578871.0,102.60%,81.90%,6.1,Moscow,72.7,17.0,0.53,Russian,36.4,4.01,144373535.0,61.80%,11.40%,46.2,4.59%,107683889.0,61.52401,105.318756,Europe,6670057317.0,741117479.6666666,-29.200000000000003
144,Rwanda,525.0,RW,73.40%,26338.0,35000.0,31.7,250.0,Kigali,1115.0,151.09,3.40%,RWF,4.04,19.70%,1.17,144,10122472590.0,133.00%,6.70%,27.0,Kigali,68.7,248.0,,Swahili,26.0,0.13,12626950.0,83.70%,14.30%,33.2,1.03%,2186104.0,-1.940278,29.873888,Africa,419214740.00000006,798504.2666666668,214.8
145,Saint Kitts and Nevis,205.0,KN,23.10%,261.0,,12.6,1.0,Basseterre,238.0,104.57,-1.00%,XCD,2.11,42.30%,,145,1050992593.0,108.70%,86.70%,9.8,Basseterre,71.3,,3.33,English,56.6,2.52,52823.0,,18.50%,49.7,,16269.0,17.357822,-62.782998,North America,2625303.1,12806.356585365855,
146,Saint Lucia,301.0,LC,17.40%,616.0,,12.0,1.0,Castries,414.0,110.13,1.90%,XCD,1.44,33.20%,1.3,146,2122450630.0,102.60%,14.10%,14.9,Castries,76.1,117.0,,English,48.4,0.64,182790.0,67.10%,18.20%,34.7,20.71%,34280.0,13.909444,-60.978893,North America,6342813.000000001,21072.46843853821,82.3
147,Saint Vincent and the Grenadines,284.0,VC,25.60%,389.0,,14.24,1.0,Kingstown,220.0,109.67,2.30%,XCD,1.89,69.20%,,147,825385185.0,113.40%,23.70%,14.8,Calliaqua,72.4,68.0,1.16,English,21.4,0.66,100455.0,65.90%,25.40%,37.0,18.88%,58185.0,12.984305,-61.287228,North America,3716835.0,13087.447183098591,31.0
148,Samoa,70.0,WS,12.40%,2831.0,,24.38,685.0,Apia,246.0,117.56,1.00%,WST,3.88,60.40%,0.91,148,850655017.0,110.50%,7.60%,13.6,Apia,73.2,43.0,0.78,Samoan,11.5,0.34,202506.0,43.70%,25.50%,19.3,8.36%,35588.0,-13.759029,-172.104629,,3908365.8000000003,55833.79714285715,23.7
149,San Marino,566.0,SM,16.70%,61.0,,6.8,378.0,City of San Marino,,110.63,1.00%,EUR,1.26,0.00%,,149,1637931034.0,108.10%,42.50%,1.7,City of San Marino,85.4,,,Italian,18.3,6.11,33860.0,,18.10%,36.2,,32969.0,43.94236,12.457777,Europe,1225732.0,2165.6042402826856,
150,S�����������,228.0,ST,50.70%,964.0,1000.0,31.54,239.0,S����,121.0,185.09,7.90%,STN,4.32,55.80%,,150,429016605.0,106.80%,13.40%,24.4,S����,70.2,130.0,,,11.7,0.05,215056.0,57.80%,14.60%,37.0,13.37%,158277.0,,,,7957072.0,34899.43859649123,93.0
151,Saudi Arabia,16.0,SA,80.80%,2149690.0,252000.0,17.8,966.0,Riyadh,563449.0,118.4,-1.20%,SAR,2.32,0.50%,0.24,151,792966838162.0,99.80%,68.00%,6.0,Riyadh,75.0,17.0,3.85,Arabic,15.0,2.61,34268528.0,55.90%,8.90%,15.7,5.93%,28807838.0,23.885942,45.079162,Asia,538015889.6,33625993.1,1.3000000000000007
152,Senegal,87.0,SN,46.10%,196722.0,19000.0,34.52,221.0,Dakar,10902.0,109.25,1.80%,XOF,4.63,42.80%,1.14,152,23578084052.0,81.00%,12.80%,31.8,Pikine,67.7,315.0,0.31,French,44.2,0.07,16296364.0,45.70%,16.30%,44.8,6.60%,7765706.0,14.497401,-14.452362,Africa,730077107.1999999,8391690.88735632,270.2
153,Serbia,100.0,RS,39.30%,77474.0,32000.0,9.2,381.0,Belgrade,45221.0,144.0,1.80%,RSD,1.49,31.10%,1.16,153,51409167351.0,100.30%,67.20%,4.8,Belgrade,75.5,12.0,1.57,Serbian,40.6,3.11,6944975.0,54.90%,18.60%,36.6,12.69%,3907243.0,44.016521,21.005859,Europe,254186085.0,2541860.85,-24.6
154,Seychelles,214.0,SC,3.40%,455.0,0.0,17.1,248.0,"Victoria, Seychelles",605.0,129.96,1.80%,SCR,2.41,88.40%,,154,1698843063.0,100.40%,17.10%,12.4,"Victoria, Seychelles",72.8,53.0,2.0,French,2.5,0.95,97625.0,,34.10%,30.1,,55762.0,-4.679574,55.491977,Africa,2938512.5,13731.366822429907,22.9
155,Sierra Leone,111.0,SL,54.70%,71740.0,9000.0,33.41,232.0,Freetown,1093.0,234.16,14.80%,SLL,4.26,43.10%,1.08,155,3941474311.0,112.80%,2.00%,78.5,Freetown,54.3,1120.0,0.57,English,38.2,0.03,7813215.0,57.90%,8.60%,30.7,4.43%,3319366.0,8.460555,-11.779889,Africa,239865700.5,2160952.256756757,1089.3
156,Singapore,8358.0,SG,0.90%,716.0,81000.0,8.8,65.0,,37535.0,114.41,0.60%,SGD,1.14,23.10%,1.25,156,372062527489.0,100.60%,84.80%,2.3,,83.1,8.0,,Malay,36.7,2.29,5703569.0,70.50%,13.10%,21.0,4.11%,5703569.0,1.352083,103.819836,Asia,119774949.0,14330.575376884422,-13.0
157,Slovakia,114.0,SK,39.20%,49035.0,16000.0,10.6,421.0,Bratislava,32424.0,115.34,2.70%,EUR,1.52,40.40%,1.32,157,105422304976.0,98.70%,46.60%,4.6,Bratislava,77.2,5.0,3.11,Slovak,18.4,3.42,5454073.0,59.50%,18.70%,49.7,5.56%,2930419.0,48.669026,19.699024,Europe,271067428.1,2377784.457017544,-44.7
158,Slovenia,103.0,SI,30.70%,20273.0,7000.0,9.4,386.0,Ljubljana,12633.0,111.05,1.60%,EUR,1.6,62.00%,1.32,158,53742159517.0,100.40%,78.60%,1.7,Ljubljana,81.0,7.0,5.25,Slovene language,12.5,3.09,2087946.0,58.40%,18.60%,31.0,4.20%,1144654.0,46.151241,14.995463,Europe,64726326.0,628410.9320388349,-24.0
159,Solomon Islands,25.0,SB,3.90%,28896.0,,32.44,677.0,Honiara,169.0,133.06,1.60%,SBD,4.4,77.90%,,159,1425074226.0,106.20%,,17.1,Honiara,72.8,104.0,0.4,English,3.3,0.19,669823.0,83.80%,29.50%,32.0,0.58%,162164.0,-9.64571,160.156194,,21434336.0,857373.44,72.0
160,Somalia,25.0,SO,70.30%,637657.0,20000.0,41.75,252.0,Mogadishu,645.0,,,SOS,6.07,10.00%,1.41,160,4720727278.0,23.40%,2.50%,76.6,Bosaso,57.1,829.0,,Arabic,,0.02,15442905.0,47.40%,0.00%,,11.35%,7034861.0,5.152149,46.199616,Africa,,,
161,South Africa,49.0,ZA,79.80%,1219090.0,80000.0,20.51,27.0,Pretoria,476644.0,158.93,4.10%,ZAR,2.41,7.60%,0.92,161,351431649241.0,100.90%,22.40%,28.5,Johannesburg,63.9,119.0,,Afrikaans,7.7,0.91,58558270.0,56.00%,27.50%,29.2,28.18%,39149717.0,-30.559482,22.937506,Africa,1709901484.0,34895948.653061226,89.8
162,South Korea,527.0,KR,17.40%,99720.0,634000.0,6.4,82.0,Seoul,620302.0,115.16,0.40%,KRW,0.98,63.40%,1.22,162,2029000000000.0,98.10%,94.30%,2.7,Seoul,82.6,11.0,6.49,Korean,36.8,2.36,51709098.0,63.00%,15.60%,33.2,4.15%,42106719.0,35.907757,127.766922,Asia,1716742053.6000001,3257575.05426945,-22.200000000000003
163,South Sudan,18.0,SS,,644329.0,185000.0,35.01,211.0,Juba,1727.0,4583.71,187.90%,SSP,4.7,,0.28,163,11997800751.0,73.00%,,63.7,Juba,57.6,1150.0,,English,61.3,,11062113.0,72.40%,,31.4,12.24%,2201250.0,6.8769919,31.3069788,Africa,347350348.2,19297241.566666666,1118.6
164,Spain,94.0,ES,52.60%,505370.0,196000.0,7.9,34.0,Madrid,244002.0,110.96,0.70%,EUR,1.26,36.90%,1.26,164,1394116310769.0,102.70%,88.90%,2.5,Madrid,83.3,4.0,5.6,Spanish,24.2,3.87,47076781.0,57.50%,14.20%,47.0,13.96%,37927409.0,40.463667,-3.74922,Europe,2212608707.0,23538390.5,-43.0
165,Sri Lanka,341.0,LK,43.70%,65610.0,317000.0,15.83,94.0,Colombo,23362.0,155.53,3.50%,LKR,2.2,32.90%,0.88,165,84008783756.0,100.20%,19.60%,6.4,Colombo,76.8,36.0,0.35,Tamil,38.4,1.0,21803000.0,53.90%,11.90%,55.2,4.20%,4052088.0,7.873054,80.771797,Asia,1203525600.0,3529400.586510264,-19.200000000000003
166,Sudan,25.0,SD,28.70%,1861484.0,124000.0,32.18,249.0,Khartoum,20000.0,1344.19,51.00%,SDG,4.41,8.10%,0.95,166,18902284476.0,76.80%,16.90%,42.1,Omdurman,65.1,295.0,0.41,Arabic,63.2,0.26,42813238.0,48.40%,8.00%,45.4,16.53%,14957233.0,12.862807,30.217636,Africa,1943721005.2,77748840.208,249.6
167,Suriname,4.0,SR,0.60%,163820.0,2000.0,18.54,597.0,Paramaribo,1738.0,294.66,22.00%,SRD,2.42,98.30%,1.29,167,3985250737.0,108.80%,12.60%,16.9,Paramaribo,71.6,120.0,,Dutch,10.1,1.21,581372.0,51.10%,19.50%,27.9,7.33%,384258.0,3.919305,-56.027783,South America,16220278.799999999,4055069.6999999997,92.1
168,Sweden,25.0,SE,7.40%,450295.0,30000.0,11.4,46.0,Stockholm,43252.0,110.51,1.80%,SEK,1.76,68.90%,1.42,168,530832908738.0,126.60%,67.00%,2.2,S�����,82.5,4.0,,Swedish,15.2,3.98,10285453.0,64.60%,27.90%,49.1,6.48%,9021165.0,60.128161,18.643501,Europe,505015742.3,20200629.692,-45.1
169,Switzerland,219.0,CH,38.40%,41277.0,21000.0,10.0,41.0,Bern,34477.0,99.55,0.40%,CHF,1.52,31.80%,1.45,169,703082435360.0,105.20%,59.60%,3.7,Z���,83.6,5.0,,German,28.3,4.3,8574832.0,68.30%,10.10%,28.8,4.58%,6332428.0,46.818188,8.227512,Europe,246955161.6,1127649.1397260274,-23.8
170,Syria,95.0,SY,75.80%,185180.0,239000.0,23.69,963.0,Damascus,28830.0,143.2,36.70%,SYP,2.81,2.70%,0.83,170,40405006007.0,81.70%,40.10%,14.0,Damascus,71.8,31.0,1.02,Arabic,53.7,1.22,17070135.0,44.10%,14.20%,42.7,8.37%,9358019.0,34.802075,38.996815,Asia,728894764.5,7672576.468421052,-11.700000000000003
171,Tajikistan,68.0,TJ,34.10%,144100.0,17000.0,30.76,992.0,Dushanbe,5310.0,148.57,6.00%,TJS,3.59,3.00%,0.71,171,8116626794.0,100.90%,31.30%,30.4,Dushanbe,70.9,17.0,0.23,Persian,63.1,1.7,9321018.0,42.00%,9.80%,67.3,11.02%,2545477.0,38.861034,71.276093,Asia,627304511.4,9225066.344117647,-50.3
172,Tanzania,67.0,TZ,44.80%,947300.0,28000.0,36.7,255.0,Dodoma,11973.0,187.43,3.50%,TZS,4.89,51.60%,0.87,172,63177068175.0,94.20%,4.00%,37.6,Dar es Salaam,65.0,524.0,0.09,Swahili,26.1,0.01,58005463.0,83.40%,11.50%,43.8,1.98%,20011885.0,-6.369028,34.888822,Africa,2540639279.3999996,37919989.244776115,480.2
173,Thailand,137.0,TH,43.30%,513120.0,455000.0,10.34,66.0,Bangkok,283763.0,113.27,0.70%,THB,1.53,32.20%,0.71,173,543649976166.0,99.80%,49.30%,7.8,Bangkok,76.9,37.0,1.06,Thai,11.8,0.81,69625582.0,67.30%,14.90%,29.5,0.75%,35294600.0,15.870032,100.992541,Asia,2053954669.0,14992369.84671533,7.5
174,East Timor,89.0,TL,25.60%,14874.0,2000.0,29.42,670.0,Dili,495.0,145.38,2.60%,USD,4.02,45.40%,1.1,174,1673540300.0,115.30%,17.80%,39.3,Dili,69.3,142.0,0.6,Portuguese,10.2,0.72,3500000.0,67.30%,25.00%,17.3,4.55%,400182.0,-8.874217,125.727539,,60550000.0,680337.0786516854,124.7
175,Togo,152.0,TG,70.20%,56785.0,10000.0,33.11,228.0,Lom�,3000.0,113.3,0.70%,XOF,4.32,3.10%,0.71,175,5459979417.0,123.80%,14.50%,47.4,Lom�,60.8,396.0,0.34,French,51.0,0.08,8082366.0,77.60%,16.90%,48.2,2.04%,3414638.0,8.619543,0.824782,Africa,389570041.20000005,2562960.797368421,347.8
176,Tonga,147.0,TO,45.80%,747.0,,24.3,676.0,Nuku����,128.0,121.09,7.40%,TOP,3.56,12.50%,,176,450353314.0,116.30%,6.40%,13.4,Nuku����,70.8,52.0,,Tongan Language,10.2,0.52,100209.0,59.80%,22.30%,27.5,1.12%,24145.0,-21.178986,-175.198242,,2755747.5,18746.581632653062,24.5
177,Trinidad and Tobago,273.0,TT,10.50%,5128.0,4000.0,12.94,1.0,Port of Spain,43868.0,141.75,1.00%,TTD,1.73,46.00%,0.54,177,24100202834.0,106.20%,12.00%,16.4,Chaguanas,73.4,67.0,2.25,English,37.3,4.17,1394973.0,60.00%,19.50%,40.5,2.69%,741944.0,10.691803,-61.222503,North America,56496406.5,206946.54395604396,26.5
178,Tunisia,76.0,TN,64.80%,163610.0,48000.0,17.56,216.0,Tunis,29937.0,155.33,6.70%,TND,2.2,6.80%,0.73,178,38797709924.0,115.40%,31.70%,14.6,Tunis,76.5,43.0,0.47,Arabic,39.8,1.3,11694719.0,46.10%,21.10%,60.7,16.02%,8099061.0,33.886917,9.537499,Africa,709869443.3000001,9340387.411842106,-17.700000000000003
179,Turkey,110.0,TR,49.80%,783562.0,512000.0,16.03,90.0,Ankara,372725.0,234.44,15.20%,TRY,2.07,15.40%,1.42,179,754411708203.0,93.20%,23.90%,9.1,Istanbul,77.4,17.0,3.45,Turkish,16.9,1.85,83429615.0,52.80%,17.90%,42.3,13.49%,63097818.0,38.963745,35.243322,Asia,3529072714.5,32082479.222727273,-25.299999999999997
180,Turkmenistan,13.0,TM,72.00%,488100.0,42000.0,23.83,993.0,Ashgabat,70630.0,,,TMT,2.79,8.80%,0.29,180,40761142857.0,88.40%,8.00%,39.3,Ashgabat,68.1,7.0,0.88,Turkmen,71.1,2.22,5942089.0,64.50%,,,3.91%,3092738.0,38.969719,59.556278,Asia,,,
181,Tuvalu,393.0,TV,60.00%,26.0,,,688.0,Funafuti,11.0,,,AUD,,33.30%,,181,47271463.0,86.00%,,20.6,Singapore,,,,Tuvaluan Language,0.7,0.92,11646.0,,,,,7362.0,-7.109535,177.64933,,,,
182,Uganda,229.0,UG,71.90%,241038.0,46000.0,38.14,256.0,Kampala,5680.0,173.87,2.90%,UGX,4.96,9.70%,0.94,182,34387229486.0,102.70%,4.80%,33.8,Buganda,63.0,375.0,0.01,Swahili,40.5,0.17,44269594.0,70.30%,11.70%,33.7,1.84%,10784516.0,1.373333,32.290275,Africa,1491885317.8000002,6514783.047161573,341.3
183,Ukraine,75.0,UA,71.70%,603550.0,297000.0,8.7,380.0,Kyiv,202250.0,281.66,7.90%,UAH,1.3,16.70%,0.83,183,153781069118.0,99.00%,82.70%,7.5,Kyiv,71.6,19.0,0.84,Ukrainian,47.8,2.99,44385155.0,54.20%,20.10%,45.2,8.88%,30835699.0,48.379433,31.16558,Europe,2006209006.0000002,26749453.413333338,-26.200000000000003
184,United Arab Emirates,118.0,AE,5.50%,83600.0,63000.0,10.33,971.0,Abu Dhabi,206324.0,114.52,-1.90%,AED,1.41,4.60%,0.49,184,421142267938.0,108.40%,36.80%,6.5,Dubai,77.8,3.0,,Arabic,17.8,2.53,9770529.0,82.10%,0.10%,15.9,2.35%,8479744.0,23.424076,53.847818,Asia,155351411.1,1316537.38220339,-12.9
185,United Kingdom,281.0,GB,71.70%,243610.0,148000.0,11.0,44.0,London,379025.0,119.62,1.70%,GBP,1.68,13.10%,1.46,185,2827113184696.0,101.20%,60.00%,3.6,London,81.3,7.0,10.13,English,14.8,2.81,66834405.0,62.80%,25.50%,30.6,3.85%,55908316.0,55.378051,-3.435973,Europe,2045132793.0,7278052.644128114,-23.6
186,United States,36.0,US,44.40%,9833517.0,1359000.0,11.6,1.0,"Washington, D.C.",5006302.0,117.24,7.50%,USD,1.73,33.90%,0.71,186,21427700000000.0,101.80%,88.20%,5.6,New York City,78.5,19.0,7.25,,11.1,2.61,328239523.0,62.00%,9.60%,36.6,14.70%,270663028.0,37.09024,-95.712891,North America,12013566541.800001,333710181.7166667,-17.6
187,Uruguay,20.0,UY,82.60%,176215.0,22000.0,13.86,598.0,Montevideo,6766.0,202.92,7.90%,UYU,1.97,10.70%,1.5,187,56045912952.0,108.50%,63.10%,6.4,Montevideo,77.8,17.0,1.66,Spanish,16.2,5.05,3461734.0,64.00%,20.10%,41.8,8.73%,3303394.0,-32.522779,-55.765835,South America,144700481.2,7235024.06,-24.799999999999997
188,Uzbekistan,79.0,UZ,62.90%,447400.0,68000.0,23.3,998.0,Tashkent,91811.0,,,UZS,2.42,7.50%,1.03,188,57921286440.0,104.20%,10.10%,19.1,Tashkent,71.6,29.0,0.24,Uzbek,42.7,2.37,33580650.0,65.10%,14.80%,31.6,5.92%,16935729.0,41.377491,64.585262,Asia,1061148540.0,13432260.0,-2.6000000000000014
189,Vanuatu,25.0,VU,15.30%,12189.0,,29.6,678.0,Port Vila,147.0,117.13,2.80%,VUV,3.78,36.10%,1.31,189,917058851.0,109.30%,4.70%,22.3,Port Vila,70.3,72.0,1.56,French,8.9,0.17,299882.0,69.90%,17.80%,8.5,4.39%,76152.0,-15.376706,166.959158,,2548997.0,101959.88,63.5
190,Venezuela,32.0,VE,24.50%,912050.0,343000.0,17.88,58.0,Caracas,164175.0,2740.27,254.90%,VED,2.27,52.70%,0.0,190,482359318768.0,97.20%,79.30%,21.4,Caracas,72.1,125.0,0.01,Spanish,45.8,1.92,28515829.0,59.70%,,73.3,8.80%,25162368.0,6.42375,-66.58973,South America,2090210265.6999998,65319070.803124994,51.7
191,Vietnam,314.0,VN,39.30%,331210.0,522000.0,16.75,84.0,Hanoi,192668.0,163.52,2.80%,VND,2.05,48.10%,0.8,191,261921244843.0,110.60%,28.50%,16.5,Ho Chi Minh City,75.3,43.0,0.73,Vietnamese,43.5,0.82,96462106.0,77.40%,19.10%,37.6,2.01%,35332140.0,14.058324,108.277199,Asia,3626975185.6,11550876.387261147,5.399999999999999
192,Yemen,56.0,YE,44.60%,527968.0,40000.0,30.45,967.0,Sanaa,10609.0,157.58,8.10%,YER,3.79,1.00%,0.92,192,26914402224.0,93.60%,10.20%,42.9,Sanaa,66.1,164.0,,Arabic,81.0,0.31,29161922.0,38.00%,,26.6,12.91%,10869523.0,15.552727,48.516388,Asia,775707125.2,13851912.950000001,137.4
193,Zambia,25.0,ZM,32.10%,752618.0,16000.0,36.19,260.0,Lusaka,5141.0,212.31,9.20%,ZMW,4.63,65.20%,1.4,193,23064722446.0,98.70%,4.10%,40.4,Lusaka,63.5,213.0,0.24,English,27.5,1.19,17861030.0,74.60%,16.20%,15.6,11.43%,7871713.0,-13.133897,27.849332,Africa,278632068.0,11145282.72,197.4
194,Zimbabwe,38.0,ZW,41.90%,390757.0,51000.0,30.68,263.0,Harare,10983.0,105.51,0.90%,,3.62,35.50%,1.34,194,21440758800.0,109.90%,10.00%,33.9,Harare,61.2,458.0,,Shona,25.8,0.21,14645468.0,83.10%,20.70%,31.6,4.95%,4717305.0,-19.015438,29.154857,Africa,462796788.8,12178862.863157894,426.4
